{
  "!comment!":"This file was auto-generated by `mix phx.digest`. Remove it and all generated artefacts with `mix phx.digest.clean --all`",
  "version":1,
  "latest":{"assets/app.css":"assets/app-385777030a1828b7dfd7e217c8734e70.css","assets/app.js":"assets/app-3861dd888665ef51643b256b3abafc9e.js","favicon.ico":"favicon-a8ca4e3a2bb8fea46a9ee9e102e7d3eb.ico","images/logo.svg":"images/logo-06a11be1f2cdde2c851763d00bdd2e80.svg","robots.txt":"robots-9e2c81b0855bbff2baa8371bc4a78186.txt"},
  "digests":{"assets/app-385777030a1828b7dfd7e217c8734e70.css":{"size":24991,"sha512":"WcbLG0kRg6jfY85v34j6kQoqA/WUrSOa3Wo9iZxeYEB5SFR3JWEu1Tld1RTSG4IKSsWkyzn46+l6WRO88CFfcQ==","digest":"385777030a1828b7dfd7e217c8734e70","logical_path":"assets/app.css","mtime":63876156553},"assets/app-3861dd888665ef51643b256b3abafc9e.js":{"size":106050,"sha512":"XWJq6KCPpL/tpc175M7mq0yHnZOVHG3g8sS5/mSz3tt/pk3XdT8aX2VL6/coTCgp4F4ERBEBGiZduY+Zx2k3dQ==","digest":"3861dd888665ef51643b256b3abafc9e","logical_path":"assets/app.js","mtime":63876156553},"favicon-a8ca4e3a2bb8fea46a9ee9e102e7d3eb.ico":{"size":1258,"sha512":"vCKvNNXeSP/2RRr6IN8PVa8/Hl6ImUO7miAOIMABYwbCzlm0UTRsY30uYb1k5gcCOPIsv6nZuFlJj/h8z+InzQ==","digest":"a8ca4e3a2bb8fea46a9ee9e102e7d3eb","logical_path":"favicon.ico","mtime":63876156553},"images/logo-06a11be1f2cdde2c851763d00bdd2e80.svg":{"size":3072,"sha512":"br80kSftytk0bvrHDIaa0fege4am30EsAlyvlJUXIbIzyKn7vrAoOywROBGX/oveaqGxHfF/qKyhSZ/WYNNO6w==","digest":"06a11be1f2cdde2c851763d00bdd2e80","logical_path":"images/logo.svg","mtime":63876156553},"robots-9e2c81b0855bbff2baa8371bc4a78186.txt":{"size":203,"sha512":"xbItKTfrkHgEWxk3S1qNTCr+mlz5yzeyGC2rcGhs1oKdf4N+D4T/WWt+qBnOnT4gMuKQ+PkgLFffla3w8rPBaQ==","digest":"9e2c81b0855bbff2baa8371bc4a78186","logical_path":"robots.txt","mtime":63876156553}}
}
